,County,Population 2020,Population Quartiles,Month,TotalCountConfirmed,Date,Total Cases(%)
0,Alameda,1684000,Quartile 4,March,269.0,2020-03-31,0.00015973871733966746
1,Alameda,1684000,Quartile 4,April,1599.0,2020-04-30,0.0009495249406175772
2,Alameda,1684000,Quartile 4,May,3362.0,2020-05-31,0.001996437054631829
3,Alameda,1684000,Quartile 4,June,6067.0,2020-06-30,0.003602731591448931
4,Alameda,1684000,Quartile 4,July,11441.0,2020-07-31,0.006793942992874109
5,Alameda,1684000,Quartile 4,August,18148.0,2020-08-31,0.010776722090261282
6,Alameda,1684000,Quartile 4,September,21271.0,2020-09-30,0.012631235154394299
7,Alameda,1684000,Quartile 4,October,22546.0,2020-10-18,0.013388361045130642
8,Alpine,1061,Quartile 1,March,1.0,2020-03-31,0.000942507068803016
9,Alpine,1061,Quartile 1,April,1.0,2020-04-30,0.000942507068803016
10,Alpine,1061,Quartile 1,May,1.0,2020-05-31,0.000942507068803016
11,Alpine,1061,Quartile 1,June,1.0,2020-06-30,0.000942507068803016
12,Alpine,1061,Quartile 1,July,2.0,2020-07-31,0.001885014137606032
13,Alpine,1061,Quartile 1,August,2.0,2020-08-31,0.001885014137606032
14,Alpine,1061,Quartile 1,September,2.0,2020-09-30,0.001885014137606032
15,Alpine,1061,Quartile 1,October,3.0,2020-10-18,0.002827521206409048
16,Amador,41047,Quartile 1,March,1.0,2020-03-31,2.436231636904037e-05
17,Amador,41047,Quartile 1,April,8.0,2020-04-30,0.00019489853095232295
18,Amador,41047,Quartile 1,May,10.0,2020-05-31,0.00024362316369040367
19,Amador,41047,Quartile 1,June,21.0,2020-06-30,0.0005116086437498477
20,Amador,41047,Quartile 1,July,98.0,2020-07-31,0.0023875070041659563
21,Amador,41047,Quartile 1,August,243.0,2020-08-31,0.005920042877676809
22,Amador,41047,Quartile 1,September,294.0,2020-09-30,0.007162521012497868
23,Amador,41047,Quartile 1,October,313.0,2020-10-18,0.007625405023509635
24,Butte,235354,Quartile 3,March,6.0,2020-03-31,2.549351190122114e-05
25,Butte,235354,Quartile 3,April,16.0,2020-04-30,6.798269840325637e-05
26,Butte,235354,Quartile 3,May,51.0,2020-05-31,0.0002166948511603797
27,Butte,235354,Quartile 3,June,177.0,2020-06-30,0.0007520586010860236
28,Butte,235354,Quartile 3,July,925.0,2020-07-31,0.003930249751438259
29,Butte,235354,Quartile 3,August,2069.0,2020-08-31,0.00879101268727109
30,Butte,235354,Quartile 3,September,2858.0,2020-09-30,0.012143409502281668
31,Butte,235354,Quartile 3,October,3019.0,2020-10-18,0.012827485404964437
32,Calaveras,45522,Quartile 1,March,3.0,2020-03-31,6.590220113351786e-05
33,Calaveras,45522,Quartile 1,April,13.0,2020-04-30,0.00028557620491191074
34,Calaveras,45522,Quartile 1,May,15.0,2020-05-31,0.0003295110056675893
35,Calaveras,45522,Quartile 1,June,35.0,2020-06-30,0.000768859013224375
36,Calaveras,45522,Quartile 1,July,112.0,2020-07-31,0.0024603488423180003
37,Calaveras,45522,Quartile 1,August,212.0,2020-08-31,0.004657088880101929
38,Calaveras,45522,Quartile 1,September,261.0,2020-09-30,0.005733491498616054
39,Calaveras,45522,Quartile 1,October,267.0,2020-10-18,0.00586529590088309
40,Colusa,21531,Quartile 1,March,1.0,2020-03-31,4.6444661186196645e-05
41,Colusa,21531,Quartile 1,April,3.0,2020-04-30,0.00013933398355858994
42,Colusa,21531,Quartile 1,May,5.0,2020-05-31,0.00023222330593098323
43,Colusa,21531,Quartile 1,June,46.0,2020-06-30,0.002136454414565046
44,Colusa,21531,Quartile 1,July,319.0,2020-07-31,0.01481584691839673
45,Colusa,21531,Quartile 1,August,443.0,2020-08-31,0.020574984905485115
46,Colusa,21531,Quartile 1,September,534.0,2020-09-30,0.02480144907342901
47,Colusa,21531,Quartile 1,October,544.0,2020-10-18,0.025265895685290977
48,Contra Costa,1160920,Quartile 4,March,246.0,2020-03-31,0.00021190090617785893
49,Contra Costa,1160920,Quartile 4,April,900.0,2020-04-30,0.0007752472177238742
50,Contra Costa,1160920,Quartile 4,May,1458.0,2020-05-31,0.0012559004927126761
51,Contra Costa,1160920,Quartile 4,June,3217.0,2020-06-30,0.0027710781104641146
52,Contra Costa,1160920,Quartile 4,July,7697.0,2020-07-31,0.006630086483134066
53,Contra Costa,1160920,Quartile 4,August,13902.0,2020-08-31,0.011974985356441443
54,Contra Costa,1160920,Quartile 4,September,16819.0,2020-09-30,0.014487647727664267
55,Contra Costa,1160920,Quartile 4,October,18120.0,2020-10-18,0.015608310650174
56,Del Norte,28628,Quartile 1,March,0.0,2020-03-31,0.0
57,Del Norte,28628,Quartile 1,April,3.0,2020-04-30,0.00010479251082855945
58,Del Norte,28628,Quartile 1,May,37.0,2020-05-31,0.0012924409668855666
59,Del Norte,28628,Quartile 1,June,49.0,2020-06-30,0.0017116110101998044
60,Del Norte,28628,Quartile 1,July,68.0,2020-07-31,0.0023752969121140144
61,Del Norte,28628,Quartile 1,August,108.0,2020-08-31,0.0037725303898281403
62,Del Norte,28628,Quartile 1,September,142.0,2020-09-30,0.0049601788458851475
63,Del Norte,28628,Quartile 1,October,167.0,2020-10-18,0.005833449769456476
64,El Dorado,194590,Quartile 3,March,14.0,2020-03-31,7.194614317282492e-05
65,El Dorado,194590,Quartile 3,April,44.0,2020-04-30,0.00022611644997173544
66,El Dorado,194590,Quartile 3,May,88.0,2020-05-31,0.0004522328999434709
67,El Dorado,194590,Quartile 3,June,180.0,2020-06-30,0.0009250218407934632
68,El Dorado,194590,Quartile 3,July,616.0,2020-07-31,0.0031656302996042962
69,El Dorado,194590,Quartile 3,August,965.0,2020-08-31,0.004959144868698289
70,El Dorado,194590,Quartile 3,September,1157.0,2020-09-30,0.005945834832211316
71,El Dorado,194590,Quartile 3,October,1283.0,2020-10-18,0.00659335012076674
72,Fresno,1010120,Quartile 4,March,59.0,2020-03-31,5.840890191264404e-05
73,Fresno,1010120,Quartile 4,April,562.0,2020-04-30,0.0005563695402526432
74,Fresno,1010120,Quartile 4,May,1780.0,2020-05-31,0.0017621668712628203
75,Fresno,1010120,Quartile 4,June,5011.0,2020-06-30,0.004960796737021344
76,Fresno,1010120,Quartile 4,July,15083.0,2020-07-31,0.014931889280481527
77,Fresno,1010120,Quartile 4,August,25185.0,2020-08-31,0.024932681265592206
78,Fresno,1010120,Quartile 4,September,28706.0,2020-09-30,0.0284184057339722
79,Fresno,1010120,Quartile 4,October,30051.0,2020-10-18,0.029749930701302815
80,Glenn,28229,Quartile 1,March,2.0,2020-03-31,7.084912678451239e-05
81,Glenn,28229,Quartile 1,April,4.0,2020-04-30,0.00014169825356902477
82,Glenn,28229,Quartile 1,May,16.0,2020-05-31,0.0005667930142760991
83,Glenn,28229,Quartile 1,June,105.0,2020-06-30,0.0037195791561869
84,Glenn,28229,Quartile 1,July,304.0,2020-07-31,0.010769067271245882
85,Glenn,28229,Quartile 1,August,437.0,2020-08-31,0.015480534202415954
86,Glenn,28229,Quartile 1,September,592.0,2020-09-30,0.020971341528215663
87,Glenn,28229,Quartile 1,October,634.0,2020-10-18,0.022459173190690424
88,Humboldt,136065,Quartile 2,March,18.0,2020-03-31,0.0001322897144746996
89,Humboldt,136065,Quartile 2,April,54.0,2020-04-30,0.00039686914342409877
90,Humboldt,136065,Quartile 2,May,98.0,2020-05-31,0.00072024400102892
91,Humboldt,136065,Quartile 2,June,133.0,2020-06-30,0.0009774740013963913
92,Humboldt,136065,Quartile 2,July,229.0,2020-07-31,0.0016830191452614559
93,Humboldt,136065,Quartile 2,August,374.0,2020-08-31,0.0027486862896409802
94,Humboldt,136065,Quartile 2,September,497.0,2020-09-30,0.0036526660052180943
95,Humboldt,136065,Quartile 2,October,540.0,2020-10-18,0.003968691434240988
96,Imperial,182333,Quartile 2,March,17.0,2020-03-31,9.323600225960194e-05
97,Imperial,182333,Quartile 2,April,322.0,2020-04-30,0.0017659995722112836
98,Imperial,182333,Quartile 2,May,2197.0,2020-05-31,0.012049382174373261
99,Imperial,182333,Quartile 2,June,6086.0,2020-06-30,0.03337848880893749
100,Imperial,182333,Quartile 2,July,7886.0,2020-07-31,0.043250536107012995
101,Imperial,182333,Quartile 2,August,9759.0,2020-08-31,0.05352294976773266
102,Imperial,182333,Quartile 2,September,10868.0,2020-09-30,0.0596052277974914
103,Imperial,182333,Quartile 2,October,11987.0,2020-10-18,0.06574235053446167
104,Inyo,18065,Quartile 1,March,8.0,2020-03-31,0.0004428452809299751
105,Inyo,18065,Quartile 1,April,20.0,2020-04-30,0.0011071132023249377
106,Inyo,18065,Quartile 1,May,20.0,2020-05-31,0.0011071132023249377
107,Inyo,18065,Quartile 1,June,30.0,2020-06-30,0.0016606698034874066
108,Inyo,18065,Quartile 1,July,45.0,2020-07-31,0.00249100470523111
109,Inyo,18065,Quartile 1,August,160.0,2020-08-31,0.008856905618599501
110,Inyo,18065,Quartile 1,September,189.0,2020-09-30,0.010462219761970662
111,Inyo,18065,Quartile 1,October,215.0,2020-10-18,0.01190146692499308
112,Kern,912316,Quartile 4,March,47.0,2020-03-31,5.151723744842796e-05
113,Kern,912316,Quartile 4,April,941.0,2020-04-30,0.001031440860403632
114,Kern,912316,Quartile 4,May,2300.0,2020-05-31,0.002521056300667751
115,Kern,912316,Quartile 4,June,4807.0,2020-06-30,0.0052690076683956
116,Kern,912316,Quartile 4,July,20061.0,2020-07-31,0.021989091498998154
117,Kern,912316,Quartile 4,August,29067.0,2020-08-31,0.031860671083265006
118,Kern,912316,Quartile 4,September,31601.0,2020-09-30,0.03463821745973983
119,Kern,912316,Quartile 4,October,32799.0,2020-10-18,0.0359513589589572
120,Kings,154706,Quartile 2,March,2.0,2020-03-31,1.2927746823006218e-05
121,Kings,154706,Quartile 2,April,87.0,2020-04-30,0.0005623569868007705
122,Kings,154706,Quartile 2,May,703.0,2020-05-31,0.004544103008286685
123,Kings,154706,Quartile 2,June,2344.0,2020-06-30,0.015151319276563288
124,Kings,154706,Quartile 2,July,3807.0,2020-07-31,0.024607966077592337
125,Kings,154706,Quartile 2,August,6037.0,2020-08-31,0.03902240378524427
126,Kings,154706,Quartile 2,September,7685.0,2020-09-30,0.049674867167401396
127,Kings,154706,Quartile 2,October,8159.0,2020-10-18,0.052738743164453865
128,Lake,64822,Quartile 2,March,0.0,2020-03-31,0.0
129,Lake,64822,Quartile 2,April,6.0,2020-04-30,9.256116750485947e-05
130,Lake,64822,Quartile 2,May,19.0,2020-05-31,0.00029311036376538827
131,Lake,64822,Quartile 2,June,68.0,2020-06-30,0.001049026565055074
132,Lake,64822,Quartile 2,July,191.0,2020-07-31,0.002946530498904693
133,Lake,64822,Quartile 2,August,341.0,2020-08-31,0.005260559686526179
134,Lake,64822,Quartile 2,September,567.0,2020-09-30,0.008747030329209218
135,Lake,64822,Quartile 2,October,670.0,2020-10-18,0.01033599703804264
136,Lassen,30160,Quartile 1,March,0.0,2020-03-31,0.0
137,Lassen,30160,Quartile 1,April,0.0,2020-04-30,0.0
138,Lassen,30160,Quartile 1,May,4.0,2020-05-31,0.0001326259946949602
139,Lassen,30160,Quartile 1,June,216.0,2020-06-30,0.007161803713527852
140,Lassen,30160,Quartile 1,July,544.0,2020-07-31,0.01803713527851459
141,Lassen,30160,Quartile 1,August,706.0,2020-08-31,0.023408488063660478
142,Lassen,30160,Quartile 1,September,742.0,2020-09-30,0.02460212201591512
143,Lassen,30160,Quartile 1,October,757.0,2020-10-18,0.02509946949602122
144,Los Angeles,10079000,Quartile 4,March,3001.0,2020-03-31,0.00029774779243972615
145,Los Angeles,10079000,Quartile 4,April,23284.0,2020-04-30,0.0023101498164500448
146,Los Angeles,10079000,Quartile 4,May,54925.0,2020-05-31,0.005449449350133942
147,Los Angeles,10079000,Quartile 4,June,103640.0,2020-06-30,0.01028276614743526
148,Los Angeles,10079000,Quartile 4,July,188688.0,2020-07-31,0.018720904851671792
149,Los Angeles,10079000,Quartile 4,August,241793.0,2020-08-31,0.0239897807322155
150,Los Angeles,10079000,Quartile 4,September,270260.0,2020-09-30,0.02681416807222939
151,Los Angeles,10079000,Quartile 4,October,286187.0,2020-10-18,0.02839438436352813
152,Madera,161208,Quartile 2,March,17.0,2020-03-31,0.00010545382363158156
153,Madera,161208,Quartile 2,April,46.0,2020-04-30,0.00028534564041486773
154,Madera,161208,Quartile 2,May,101.0,2020-05-31,0.000626519775693514
155,Madera,161208,Quartile 2,June,504.0,2020-06-30,0.0031263957123715946
156,Madera,161208,Quartile 2,July,2036.0,2020-07-31,0.012629646171405886
157,Madera,161208,Quartile 2,August,3662.0,2020-08-31,0.02271599424346186
158,Madera,161208,Quartile 2,September,4477.0,2020-09-30,0.027771574611681803
159,Madera,161208,Quartile 2,October,4770.0,2020-10-18,0.02958910227780259
160,Marin,259548,Quartile 3,March,85.0,2020-03-31,0.0003274924098817945
161,Marin,259548,Quartile 3,April,240.0,2020-04-30,0.0009246844514309492
162,Marin,259548,Quartile 3,May,486.0,2020-05-31,0.0018724860141476722
163,Marin,259548,Quartile 3,June,1628.0,2020-06-30,0.006272442862206605
164,Marin,259548,Quartile 3,July,4885.0,2020-07-31,0.018821181438500777
165,Marin,259548,Quartile 3,August,6074.0,2020-08-31,0.02340222232496494
166,Marin,259548,Quartile 3,September,6700.0,2020-09-30,0.02581410760244733
167,Marin,259548,Quartile 3,October,6969.0,2020-10-18,0.026850524758426187
168,Mariposa,17539,Quartile 1,March,0.0,2020-03-31,0.0
169,Mariposa,17539,Quartile 1,April,3.0,2020-04-30,0.00017104738012429442
170,Mariposa,17539,Quartile 1,May,16.0,2020-05-31,0.000912252693996237
171,Mariposa,17539,Quartile 1,June,28.0,2020-06-30,0.0015964422144934148
172,Mariposa,17539,Quartile 1,July,49.0,2020-07-31,0.0027937738753634755
173,Mariposa,17539,Quartile 1,August,69.0,2020-08-31,0.003934089742858772
174,Mariposa,17539,Quartile 1,September,76.0,2020-09-30,0.004333200296482126
175,Mariposa,17539,Quartile 1,October,77.0,2020-10-18,0.004390216089856891
176,Mendocino,87424,Quartile 2,March,4.0,2020-03-31,4.575402635431918e-05
177,Mendocino,87424,Quartile 2,April,11.0,2020-04-30,0.00012582357247437775
178,Mendocino,87424,Quartile 2,May,25.0,2020-05-31,0.0002859626647144949
179,Mendocino,87424,Quartile 2,June,68.0,2020-06-30,0.0007778184480234261
180,Mendocino,87424,Quartile 2,July,232.0,2020-07-31,0.0026537335285505125
181,Mendocino,87424,Quartile 2,August,618.0,2020-08-31,0.007068997071742313
182,Mendocino,87424,Quartile 2,September,867.0,2020-09-30,0.009917185212298682
183,Mendocino,87424,Quartile 2,October,988.0,2020-10-18,0.011301244509516837
184,Merced,281615,Quartile 3,March,6.0,2020-03-31,2.130568329101788e-05
185,Merced,281615,Quartile 3,April,122.0,2020-04-30,0.0004332155602506969
186,Merced,281615,Quartile 3,May,288.0,2020-05-31,0.0010226727979688582
187,Merced,281615,Quartile 3,June,1023.0,2020-06-30,0.0036326190011185485
188,Merced,281615,Quartile 3,July,3789.0,2020-07-31,0.01345453899827779
189,Merced,281615,Quartile 3,August,7991.0,2020-08-31,0.028375619196420645
190,Merced,281615,Quartile 3,September,8926.0,2020-09-30,0.031695754842604264
191,Merced,281615,Quartile 3,October,9292.0,2020-10-18,0.03299540152335635
192,Modoc,8635,Quartile 1,March,0.0,2020-03-31,0.0
193,Modoc,8635,Quartile 1,April,0.0,2020-04-30,0.0
194,Modoc,8635,Quartile 1,May,1.0,2020-05-31,0.00011580775911986103
195,Modoc,8635,Quartile 1,June,0.0,2020-06-30,0.0
196,Modoc,8635,Quartile 1,July,0.0,2020-07-31,0.0
197,Modoc,8635,Quartile 1,August,10.0,2020-08-31,0.0011580775911986102
198,Modoc,8635,Quartile 1,September,26.0,2020-09-30,0.0030110017371163867
199,Modoc,8635,Quartile 1,October,28.0,2020-10-18,0.003242617255356109
200,Mono,14280,Quartile 1,March,12.0,2020-03-31,0.0008403361344537816
201,Mono,14280,Quartile 1,April,25.0,2020-04-30,0.0017507002801120449
202,Mono,14280,Quartile 1,May,34.0,2020-05-31,0.002380952380952381
203,Mono,14280,Quartile 1,June,36.0,2020-06-30,0.0025210084033613447
204,Mono,14280,Quartile 1,July,104.0,2020-07-31,0.007282913165266107
205,Mono,14280,Quartile 1,August,145.0,2020-08-31,0.01015406162464986
206,Mono,14280,Quartile 1,September,150.0,2020-09-30,0.01050420168067227
207,Mono,14280,Quartile 1,October,155.0,2020-10-18,0.010854341736694677
208,Monterey,435828,Quartile 3,March,43.0,2020-03-31,9.866277522325321e-05
209,Monterey,435828,Quartile 3,April,213.0,2020-04-30,0.0004887249098268124
210,Monterey,435828,Quartile 3,May,545.0,2020-05-31,0.0012504933138761162
211,Monterey,435828,Quartile 3,June,1687.0,2020-06-30,0.0038707930651541433
212,Monterey,435828,Quartile 3,July,4493.0,2020-07-31,0.010309112769257597
213,Monterey,435828,Quartile 3,August,7839.0,2020-08-31,0.01798645337151353
214,Monterey,435828,Quartile 3,September,9898.0,2020-09-30,0.02271079416650605
215,Monterey,435828,Quartile 3,October,10872.0,2020-10-18,0.024945620749469974
216,Napa,137479,Quartile 2,March,9.0,2020-03-31,6.546454367576139e-05
217,Napa,137479,Quartile 2,April,69.0,2020-04-30,0.000501894834847504
218,Napa,137479,Quartile 2,May,114.0,2020-05-31,0.0008292175532263109
219,Napa,137479,Quartile 2,June,345.0,2020-06-30,0.00250947417423752
220,Napa,137479,Quartile 2,July,897.0,2020-07-31,0.006524632853017551
221,Napa,137479,Quartile 2,August,1434.0,2020-08-31,0.010430683959004648
222,Napa,137479,Quartile 2,September,1728.0,2020-09-30,0.012569192385746187
223,Napa,137479,Quartile 2,October,1882.0,2020-10-18,0.013689363466420326
224,Nevada,100082,Quartile 2,March,15.0,2020-03-31,0.00014987710077736256
225,Nevada,100082,Quartile 2,April,41.0,2020-04-30,0.00040966407545812435
226,Nevada,100082,Quartile 2,May,41.0,2020-05-31,0.00040966407545812435
227,Nevada,100082,Quartile 2,June,114.0,2020-06-30,0.0011390659659079555
228,Nevada,100082,Quartile 2,July,302.0,2020-07-31,0.003017525628984233
229,Nevada,100082,Quartile 2,August,447.0,2020-08-31,0.004466337603165405
230,Nevada,100082,Quartile 2,September,540.0,2020-09-30,0.0053955756279850525
231,Nevada,100082,Quartile 2,October,582.0,2020-10-18,0.005815231510161668
232,Orange,3198000,Quartile 4,March,506.0,2020-03-31,0.000158223889931207
233,Orange,3198000,Quartile 4,April,2591.0,2020-04-30,0.0008101938711694809
234,Orange,3198000,Quartile 4,May,6532.0,2020-05-31,0.002042526579111945
235,Orange,3198000,Quartile 4,June,15201.0,2020-06-30,0.00475328330206379
236,Orange,3198000,Quartile 4,July,36196.0,2020-07-31,0.011318323952470294
237,Orange,3198000,Quartile 4,August,47392.0,2020-08-31,0.014819262038774234
238,Orange,3198000,Quartile 4,September,52916.0,2020-09-30,0.016546591619762352
239,Orange,3198000,Quartile 4,October,56394.0,2020-10-18,0.017634146341463413
240,Placer,408317,Quartile 3,March,49.0,2020-03-31,0.00012000480019200768
241,Placer,408317,Quartile 3,April,148.0,2020-04-30,0.00036246347813096195
242,Placer,408317,Quartile 3,May,215.0,2020-05-31,0.0005265516743118704
243,Placer,408317,Quartile 3,June,697.0,2020-06-30,0.0017070070557924357
244,Placer,408317,Quartile 3,July,1853.0,2020-07-31,0.004538140709301842
245,Placer,408317,Quartile 3,August,2989.0,2020-08-31,0.007320292811712469
246,Placer,408317,Quartile 3,September,3585.0,2020-09-30,0.008779943034456072
247,Placer,408317,Quartile 3,October,3938.0,2020-10-18,0.009644467411349516
248,Plumas,18932,Quartile 1,March,1.0,2020-03-31,5.2820621170504965e-05
249,Plumas,18932,Quartile 1,April,4.0,2020-04-30,0.00021128248468201986
250,Plumas,18932,Quartile 1,May,5.0,2020-05-31,0.00026410310585252484
251,Plumas,18932,Quartile 1,June,8.0,2020-06-30,0.0004225649693640397
252,Plumas,18932,Quartile 1,July,25.0,2020-07-31,0.0013205155292626241
253,Plumas,18932,Quartile 1,August,39.0,2020-08-31,0.0020600042256496936
254,Plumas,18932,Quartile 1,September,48.0,2020-09-30,0.002535389816184238
255,Plumas,18932,Quartile 1,October,52.0,2020-10-18,0.002746672300866258
256,Riverside,2517830,Quartile 4,March,284.0,2020-03-31,0.00011279554219307896
257,Riverside,2517830,Quartile 4,April,3820.0,2020-04-30,0.0015171794759773296
258,Riverside,2517830,Quartile 4,May,7704.0,2020-05-31,0.003059777665688311
259,Riverside,2517830,Quartile 4,June,19226.0,2020-06-30,0.007635940472549775
260,Riverside,2517830,Quartile 4,July,37612.0,2020-07-31,0.014938260327345373
261,Riverside,2517830,Quartile 4,August,52508.0,2020-08-31,0.020854465948852784
262,Riverside,2517830,Quartile 4,September,59074.0,2020-09-30,0.0234622671109646
263,Riverside,2517830,Quartile 4,October,63765.0,2020-10-18,0.025325379394160845
264,Sacramento,1567490,Quartile 4,March,271.0,2020-03-31,0.00017288786531333532
265,Sacramento,1567490,Quartile 4,April,1071.0,2020-04-30,0.0006832579474191223
266,Sacramento,1567490,Quartile 4,May,1398.0,2020-05-31,0.0008918717184798628
267,Sacramento,1567490,Quartile 4,June,3362.0,2020-06-30,0.00214483027004957
268,Sacramento,1567490,Quartile 4,July,9872.0,2020-07-31,0.006297966813185411
269,Sacramento,1567490,Quartile 4,August,17999.0,2020-08-31,0.011482688884777574
270,Sacramento,1567490,Quartile 4,September,22613.0,2020-09-30,0.0144262483333227
271,Sacramento,1567490,Quartile 4,October,24425.0,2020-10-18,0.015582236569292309
272,San Benito,64213,Quartile 2,March,14.0,2020-03-31,0.00021802438758506844
273,San Benito,64213,Quartile 2,April,48.0,2020-04-30,0.0007475121860059489
274,San Benito,64213,Quartile 2,May,85.0,2020-05-31,0.0013237194960522012
275,San Benito,64213,Quartile 2,June,212.0,2020-06-30,0.0033015121548596077
276,San Benito,64213,Quartile 2,July,567.0,2020-07-31,0.008829987697195271
277,San Benito,64213,Quartile 2,August,1080.0,2020-08-31,0.01681902418513385
278,San Benito,64213,Quartile 2,September,1342.0,2020-09-30,0.020899194867082988
279,San Benito,64213,Quartile 2,October,1395.0,2020-10-18,0.021724572905797893
280,San Bernardino,2208400,Quartile 4,March,193.0,2020-03-31,8.739358811809454e-05
281,San Bernardino,2208400,Quartile 4,April,2020.0,2020-04-30,0.0009146893678681398
282,San Bernardino,2208400,Quartile 4,May,5185.0,2020-05-31,0.002347853649701141
283,San Bernardino,2208400,Quartile 4,June,12593.0,2020-06-30,0.0057023184205759825
284,San Bernardino,2208400,Quartile 4,July,32332.0,2020-07-31,0.014640463684115196
285,San Bernardino,2208400,Quartile 4,August,47370.0,2020-08-31,0.021449918493026625
286,San Bernardino,2208400,Quartile 4,September,53988.0,2020-09-30,0.02444665821409165
287,San Bernardino,2208400,Quartile 4,October,58893.0,2020-10-18,0.02666772323854374
288,San Diego,3379160,Quartile 4,March,736.0,2020-03-31,0.00021780560849441873
289,San Diego,3379160,Quartile 4,April,3566.0,2020-04-30,0.0010552918476781211
290,San Diego,3379160,Quartile 4,May,7483.0,2020-05-31,0.0022144556635376837
291,San Diego,3379160,Quartile 4,June,14150.0,2020-06-30,0.0041874311959185125
292,San Diego,3379160,Quartile 4,July,29050.0,2020-07-31,0.00859681104179737
293,San Diego,3379160,Quartile 4,August,38606.0,2020-08-31,0.011424732773825448
294,San Diego,3379160,Quartile 4,September,47182.0,2020-09-30,0.013962641603238674
295,San Diego,3379160,Quartile 4,October,52359.0,2020-10-18,0.015494679151031617
296,San Francisco,891583,Quartile 4,March,404.0,2020-03-31,0.0004531266298258266
297,San Francisco,891583,Quartile 4,April,1518.0,2020-04-30,0.0017025896635534774
298,San Francisco,891583,Quartile 4,May,2501.0,2020-05-31,0.0028051230227583972
299,San Francisco,891583,Quartile 4,June,3601.0,2020-06-30,0.004038883648521787
300,San Francisco,891583,Quartile 4,July,6126.0,2020-07-31,0.006870925084933203
301,San Francisco,891583,Quartile 4,August,9294.0,2020-08-31,0.010424155687131764
302,San Francisco,891583,Quartile 4,September,11247.0,2020-09-30,0.01261464159814622
303,San Francisco,891583,Quartile 4,October,11878.0,2020-10-18,0.013322371557106853
304,San Joaquin,772948,Quartile 4,March,122.0,2020-03-31,0.0001578372671900309
305,San Joaquin,772948,Quartile 4,April,548.0,2020-04-30,0.0007089739542634174
306,San Joaquin,772948,Quartile 4,May,888.0,2020-05-31,0.0011488483054487495
307,San Joaquin,772948,Quartile 4,June,3903.0,2020-06-30,0.005049498801989267
308,San Joaquin,772948,Quartile 4,July,11561.0,2020-07-31,0.01495702168839301
309,San Joaquin,772948,Quartile 4,August,17807.0,2020-08-31,0.023037772269285904
310,San Joaquin,772948,Quartile 4,September,20150.0,2020-09-30,0.02606902404818953
311,San Joaquin,772948,Quartile 4,October,20932.0,2020-10-18,0.02708073505591579
312,San Luis Obispo,286354,Quartile 3,March,67.0,2020-03-31,0.000233976127450638
313,San Luis Obispo,286354,Quartile 3,April,182.0,2020-04-30,0.0006355769432241212
314,San Luis Obispo,286354,Quartile 3,May,271.0,2020-05-31,0.00094638105282273
315,San Luis Obispo,286354,Quartile 3,June,603.0,2020-06-30,0.0021057851470557424
316,San Luis Obispo,286354,Quartile 3,July,1746.0,2020-07-31,0.006097348037743492
317,San Luis Obispo,286354,Quartile 3,August,2951.0,2020-08-31,0.01030542615084825
318,San Luis Obispo,286354,Quartile 3,September,3597.0,2020-09-30,0.012561375081193208
319,San Luis Obispo,286354,Quartile 3,October,4009.0,2020-10-18,0.014000153655964296
320,San Mateo,771019,Quartile 4,March,297.0,2020-03-31,0.0003852045150638311
321,San Mateo,771019,Quartile 4,April,1194.0,2020-04-30,0.0015485999696505533
322,San Mateo,771019,Quartile 4,May,2169.0,2020-05-31,0.0028131602463752512
323,San Mateo,771019,Quartile 4,June,3306.0,2020-06-30,0.00428783207677113
324,San Mateo,771019,Quartile 4,July,5416.0,2020-07-31,0.0070244702140932975
325,San Mateo,771019,Quartile 4,August,8065.0,2020-08-31,0.010460183212086862
326,San Mateo,771019,Quartile 4,September,9634.0,2020-09-30,0.012495152518939222
327,San Mateo,771019,Quartile 4,October,10503.0,2020-10-18,0.01362223239634821
328,Santa Barbara,448369,Quartile 3,March,89.0,2020-03-31,0.00019849721992376814
329,Santa Barbara,448369,Quartile 3,April,490.0,2020-04-30,0.0010928498625016449
330,Santa Barbara,448369,Quartile 3,May,1662.0,2020-05-31,0.003706768309138232
331,Santa Barbara,448369,Quartile 3,June,3210.0,2020-06-30,0.0071592817523066935
332,Santa Barbara,448369,Quartile 3,July,6375.0,2020-07-31,0.014218199741730584
333,Santa Barbara,448369,Quartile 3,August,8124.0,2020-08-31,0.018119004659108904
334,Santa Barbara,448369,Quartile 3,September,9186.0,2020-09-30,0.02048758946314308
335,Santa Barbara,448369,Quartile 3,October,9608.0,2020-10-18,0.0214287785283996
336,Santa Clara,1945940,Quartile 4,March,777.0,2020-03-31,0.000399292886728265
337,Santa Clara,1945940,Quartile 4,April,2172.0,2020-04-30,0.001116170077186347
338,Santa Clara,1945940,Quartile 4,May,2785.0,2020-05-31,0.0014311849286206151
339,Santa Clara,1945940,Quartile 4,June,4476.0,2020-06-30,0.002300173694975179
340,Santa Clara,1945940,Quartile 4,July,9863.0,2020-07-31,0.005068501598199328
341,Santa Clara,1945940,Quartile 4,August,17211.0,2020-08-31,0.00884456869173767
342,Santa Clara,1945940,Quartile 4,September,21318.0,2020-09-30,0.010955116807301355
343,Santa Clara,1945940,Quartile 4,October,23169.0,2020-10-18,0.011906328047113477
344,Santa Cruz,272555,Quartile 3,March,40.0,2020-03-31,0.00014675936966850728
345,Santa Cruz,272555,Quartile 3,April,126.0,2020-04-30,0.00046229201445579794
346,Santa Cruz,272555,Quartile 3,May,210.0,2020-05-31,0.0007704866907596631
347,Santa Cruz,272555,Quartile 3,June,391.0,2020-06-30,0.0014345728385096587
348,Santa Cruz,272555,Quartile 3,July,1118.0,2020-07-31,0.004101924382234778
349,Santa Cruz,272555,Quartile 3,August,1747.0,2020-08-31,0.0064097154702720555
350,Santa Cruz,272555,Quartile 3,September,2405.0,2020-09-30,0.008823907101319
351,Santa Cruz,272555,Quartile 3,October,2692.0,2020-10-18,0.00987690557869054
352,Shasta,181042,Quartile 2,March,5.0,2020-03-31,2.761790081859458e-05
353,Shasta,181042,Quartile 2,April,31.0,2020-04-30,0.0001712309850752864
354,Shasta,181042,Quartile 2,May,38.0,2020-05-31,0.00020989604622131882
355,Shasta,181042,Quartile 2,June,103.0,2020-06-30,0.0005689287568630484
356,Shasta,181042,Quartile 2,July,306.0,2020-07-31,0.0016902155300979884
357,Shasta,181042,Quartile 2,August,528.0,2020-08-31,0.0029164503264435876
358,Shasta,181042,Quartile 2,September,976.0,2020-09-30,0.0053910142397896625
359,Shasta,181042,Quartile 2,October,1708.0,2020-10-18,0.009434274919631908
360,Sierra,2943,Quartile 1,March,0.0,2020-03-31,0.0
361,Sierra,2943,Quartile 1,April,0.0,2020-04-30,0.0
362,Sierra,2943,Quartile 1,May,1.0,2020-05-31,0.0003397893306150187
363,Sierra,2943,Quartile 1,June,1.0,2020-06-30,0.0003397893306150187
364,Sierra,2943,Quartile 1,July,1.0,2020-07-31,0.0003397893306150187
365,Sierra,2943,Quartile 1,August,6.0,2020-08-31,0.0020387359836901123
366,Sierra,2943,Quartile 1,September,6.0,2020-09-30,0.0020387359836901123
367,Sierra,2943,Quartile 1,October,6.0,2020-10-18,0.0020387359836901123
368,Siskiyou,43604,Quartile 1,March,3.0,2020-03-31,6.880102742867627e-05
369,Siskiyou,43604,Quartile 1,April,5.0,2020-04-30,0.00011466837904779378
370,Siskiyou,43604,Quartile 1,May,7.0,2020-05-31,0.0001605357306669113
371,Siskiyou,43604,Quartile 1,June,27.0,2020-06-30,0.0006192092468580864
372,Siskiyou,43604,Quartile 1,July,61.0,2020-07-31,0.0013989542243830842
373,Siskiyou,43604,Quartile 1,August,127.0,2020-08-31,0.002912576827813962
374,Siskiyou,43604,Quartile 1,September,150.0,2020-09-30,0.0034400513714338134
375,Siskiyou,43604,Quartile 1,October,167.0,2020-10-18,0.0038299238601963125
376,Solano,452076,Quartile 3,March,56.0,2020-03-31,0.00012387297711004345
377,Solano,452076,Quartile 3,April,262.0,2020-04-30,0.0005795485714791319
378,Solano,452076,Quartile 3,May,512.0,2020-05-31,0.0011325529335775401
379,Solano,452076,Quartile 3,June,1317.0,2020-06-30,0.0029132269795344146
380,Solano,452076,Quartile 3,July,3510.0,2020-07-31,0.0077641812438616516
381,Solano,452076,Quartile 3,August,5303.0,2020-08-31,0.011730328528831435
382,Solano,452076,Quartile 3,September,6315.0,2020-09-30,0.013968890186605793
383,Solano,452076,Quartile 3,October,6962.0,2020-10-18,0.015400065475716472
384,Sonoma,493334,Quartile 3,March,58.0,2020-03-31,0.00011756740869269096
385,Sonoma,493334,Quartile 3,April,233.0,2020-04-30,0.0004722966590585688
386,Sonoma,493334,Quartile 3,May,555.0,2020-05-31,0.0011249984797317841
387,Sonoma,493334,Quartile 3,June,1159.0,2020-06-30,0.0023493211495660142
388,Sonoma,493334,Quartile 3,July,2745.0,2020-07-31,0.0055641816700247705
389,Sonoma,493334,Quartile 3,August,5650.0,2020-08-31,0.011452687226098343
390,Sonoma,493334,Quartile 3,September,7494.0,2020-09-30,0.015190520012810793
391,Sonoma,493334,Quartile 3,October,8781.0,2020-10-18,0.01779930027121585
392,Stanislaus,558911,Quartile 3,March,28.0,2020-03-31,5.0097421593062224e-05
393,Stanislaus,558911,Quartile 3,April,378.0,2020-04-30,0.00067631519150634
394,Stanislaus,558911,Quartile 3,May,738.0,2020-05-31,0.0013204248977028543
395,Stanislaus,558911,Quartile 3,June,2605.0,2020-06-30,0.00466084940178311
396,Stanislaus,558911,Quartile 3,July,9061.0,2020-07-31,0.0162118834662406
397,Stanislaus,558911,Quartile 3,August,14685.0,2020-08-31,0.026274308431932812
398,Stanislaus,558911,Quartile 3,September,16531.0,2020-09-30,0.02957715986981827
399,Stanislaus,558911,Quartile 3,October,17290.0,2020-10-18,0.030935157833715924
400,Sutter,97545,Quartile 2,March,8.0,2020-03-31,8.201342969911323e-05
401,Sutter,97545,Quartile 2,April,28.0,2020-04-30,0.0002870470039468963
402,Sutter,97545,Quartile 2,May,42.0,2020-05-31,0.0004305705059203445
403,Sutter,97545,Quartile 2,June,181.0,2020-06-30,0.0018555538469424368
404,Sutter,97545,Quartile 2,July,714.0,2020-07-31,0.0073196986006458555
405,Sutter,97545,Quartile 2,August,1365.0,2020-08-31,0.013993541442411194
406,Sutter,97545,Quartile 2,September,1680.0,2020-09-30,0.017222820236813777
407,Sutter,97545,Quartile 2,October,1764.0,2020-10-18,0.018083961248654468
408,Tehama,64312,Quartile 2,March,0.0,2020-03-31,0.0
409,Tehama,64312,Quartile 2,April,1.0,2020-04-30,1.554919766140067e-05
410,Tehama,64312,Quartile 2,May,4.0,2020-05-31,6.219679064560268e-05
411,Tehama,64312,Quartile 2,June,78.0,2020-06-30,0.0012128374175892525
412,Tehama,64312,Quartile 2,July,213.0,2020-07-31,0.003311979101878343
413,Tehama,64312,Quartile 2,August,421.0,2020-08-31,0.0065462122154496824
414,Tehama,64312,Quartile 2,September,594.0,2020-09-30,0.009236223410872
415,Tehama,64312,Quartile 2,October,774.0,2020-10-18,0.01203507898992412
416,Trinity,12153,Quartile 1,March,0.0,2020-03-31,0.0
417,Trinity,12153,Quartile 1,April,0.0,2020-04-30,0.0
418,Trinity,12153,Quartile 1,May,2.0,2020-05-31,0.00016456841932033242
419,Trinity,12153,Quartile 1,June,2.0,2020-06-30,0.00016456841932033242
420,Trinity,12153,Quartile 1,July,5.0,2020-07-31,0.0004114210483008311
421,Trinity,12153,Quartile 1,August,13.0,2020-08-31,0.0010696947255821607
422,Trinity,12153,Quartile 1,September,16.0,2020-09-30,0.0013165473545626593
423,Trinity,12153,Quartile 1,October,25.0,2020-10-18,0.0020571052415041553
424,Tulare,471389,Quartile 3,March,42.0,2020-03-31,8.909838795559506e-05
425,Tulare,471389,Quartile 3,April,637.0,2020-04-30,0.0013513255506598584
426,Tulare,471389,Quartile 3,May,1884.0,2020-05-31,0.003996699116865264
427,Tulare,471389,Quartile 3,June,4306.0,2020-06-30,0.009134706155637913
428,Tulare,471389,Quartile 3,July,9365.0,2020-07-31,0.01986681912390828
429,Tulare,471389,Quartile 3,August,13985.0,2020-08-31,0.029667641799023738
430,Tulare,471389,Quartile 3,September,16117.0,2020-09-30,0.034190445682864896
431,Tulare,471389,Quartile 3,October,17048.0,2020-10-18,0.03616545994921392
432,Tuolumne,55539,Quartile 2,March,1.0,2020-03-31,1.8005365598948486e-05
433,Tuolumne,55539,Quartile 2,April,4.0,2020-04-30,7.202146239579394e-05
434,Tuolumne,55539,Quartile 2,May,4.0,2020-05-31,7.202146239579394e-05
435,Tuolumne,55539,Quartile 2,June,16.0,2020-06-30,0.0002880858495831758
436,Tuolumne,55539,Quartile 2,July,120.0,2020-07-31,0.0021606438718738182
437,Tuolumne,55539,Quartile 2,August,178.0,2020-08-31,0.0032049550766128304
438,Tuolumne,55539,Quartile 2,September,225.0,2020-09-30,0.00405120725976341
439,Tuolumne,55539,Quartile 2,October,245.0,2020-10-18,0.0044113145717423795
440,Ventura,851297,Quartile 4,March,143.0,2020-03-31,0.00016797897795951355
441,Ventura,851297,Quartile 4,April,547.0,2020-04-30,0.0006425489576493281
442,Ventura,851297,Quartile 4,May,1151.0,2020-05-31,0.0013520545708489518
443,Ventura,851297,Quartile 4,June,3156.0,2020-06-30,0.0037072842967847885
444,Ventura,851297,Quartile 4,July,7521.0,2020-07-31,0.008834754498136373
445,Ventura,851297,Quartile 4,August,10866.0,2020-08-31,0.012764052968587932
446,Ventura,851297,Quartile 4,September,12968.0,2020-09-30,0.015233226476776026
447,Ventura,851297,Quartile 4,October,13901.0,2020-10-18,0.016329201207099284
448,Yolo,224472,Quartile 3,March,21.0,2020-03-31,9.355287073666203e-05
449,Yolo,224472,Quartile 3,April,164.0,2020-04-30,0.0007306033714672654
450,Yolo,224472,Quartile 3,May,211.0,2020-05-31,0.000939983605973128
451,Yolo,224472,Quartile 3,June,522.0,2020-06-30,0.0023254570725970277
452,Yolo,224472,Quartile 3,July,1522.0,2020-07-31,0.006780355679104744
453,Yolo,224472,Quartile 3,August,2423.0,2020-08-31,0.010794219323568196
454,Yolo,224472,Quartile 3,September,2822.0,2020-09-30,0.012571723867564773
455,Yolo,224472,Quartile 3,October,3059.0,2020-10-18,0.013627534837307102
456,Yuba,80573,Quartile 2,March,5.0,2020-03-31,6.205552728581535e-05
457,Yuba,80573,Quartile 2,April,15.0,2020-04-30,0.00018616658185744605
458,Yuba,80573,Quartile 2,May,26.0,2020-05-31,0.0003226887418862398
459,Yuba,80573,Quartile 2,June,56.0,2020-06-30,0.0006950219056011319
460,Yuba,80573,Quartile 2,July,369.0,2020-07-31,0.004579697913693173
461,Yuba,80573,Quartile 2,August,832.0,2020-08-31,0.010326039740359673
462,Yuba,80573,Quartile 2,September,1075.0,2020-09-30,0.0133419383664503
463,Yuba,80573,Quartile 2,October,1176.0,2020-10-18,0.01459546001762377
